,사고번호,사고일시,요일,시군구,사고내용,사망자수,중상자수,경상자수,부상신고자수,사고유형,법규위반,노면상태,기상상태,도로형태,가해운전자 차종,가해운전자 성별,가해운전자 연령,가해운전자 상해정도,피해운전자 차종,피해운전자 성별,피해운전자 연령,피해운전자 상해정도
1875,2020021200100596,2020년 2월 12일 21시,수요일,제주특별자치도 제주시 노형동,경상사고,0,0,1,0,차대사람 - 횡단중,안전운전불이행,포장 - 건조,맑음,교차로 - 교차로횡단보도내,승용,남,62세,상해없음,보행자,여,65세,경상
1876,2020021200100640,2020년 2월 12일 23시,수요일,제주특별자치도 서귀포시 성산읍,부상신고사고,0,0,0,1,차대사람 - 차도통행중,안전운전불이행,포장 - 건조,맑음,교차로 - 교차로안,승용,여,32세,상해없음,보행자,남,57세,부상신고
1877,2020021300100076,2020년 2월 13일 07시,목요일,제주특별자치도 제주시 오라일동,중상사고,0,1,0,0,차대사람 - 기타,안전운전불이행,포장 - 건조,맑음,교차로 - 교차로부근,승용,남,47세,상해없음,보행자,남,58세,중상
1878,2020021300100348,2020년 2월 13일 16시,목요일,제주특별자치도 서귀포시 서호동,중상사고,0,1,0,0,차대사람 - 횡단중,신호위반,포장 - 건조,맑음,단일로 - 기타,승합,남,76세,상해없음,보행자,여,72세,중상
1879,2020021300100571,2020년 2월 13일 21시,목요일,제주특별자치도 제주시 연동,경상사고,0,0,1,0,차대사람 - 길가장자리구역통행중,안전운전불이행,포장 - 건조,맑음,단일로 - 기타,승용,남,35세,상해없음,보행자,남,39세,경상
1880,2020021400100572,2020년 2월 14일 20시,금요일,제주특별자치도 제주시 연동,경상사고,0,0,1,0,차대사람 - 차도통행중,안전운전불이행,포장 - 건조,맑음,단일로 - 기타,승용,남,47세,상해없음,보행자,남,39세,경상
1881,2020021500100085,2020년 2월 15일 05시,토요일,제주특별자치도 제주시 이도일동,경상사고,0,0,1,0,차대사람 - 기타,신호위반,포장 - 건조,맑음,단일로 - 기타,이륜,남,46세,상해없음,보행자,여,52세,경상
1882,2020021500100467,2020년 2월 15일 19시,토요일,제주특별자치도 제주시 노형동,경상사고,0,0,1,0,차대사람 - 횡단중,보행자보호의무위반,포장 - 건조,맑음,교차로 - 교차로안,승용,남,59세,상해없음,보행자,여,18세,경상
1883,2020021600100084,2020년 2월 16일 03시,일요일,제주특별자치도 제주시 연동,경상사고,0,0,1,0,차대사람 - 차도통행중,안전운전불이행,포장 - 젖음/습기,비,단일로 - 기타,승용,남,23세,기타불명,보행자,남,25세,경상
1884,2020021600100480,2020년 2월 16일 22시,일요일,제주특별자치도 제주시 이도이동,경상사고,0,0,1,0,차대사람 - 횡단중,보행자보호의무위반,포장 - 젖음/습기,흐림,교차로 - 교차로횡단보도내,승용,남,64세,상해없음,보행자,여,19세,경상
1885,2020021800100307,2020년 2월 18일 13시,화요일,제주특별자치도 서귀포시 서귀동,경상사고,0,0,1,0,차대사람 - 횡단중,보행자보호의무위반,포장 - 건조,맑음,교차로 - 교차로횡단보도내,이륜,남,23세,상해없음,보행자,남,56세,경상
1886,2020021900100263,2020년 2월 19일 12시,수요일,제주특별자치도 서귀포시 표선면,경상사고,0,0,1,0,차대사람 - 횡단중,보행자보호의무위반,포장 - 건조,맑음,교차로 - 교차로횡단보도내,승용,남,66세,상해없음,보행자,남,61세,경상
1887,2020021900100424,2020년 2월 19일 16시,수요일,제주특별자치도 제주시 화북일동,경상사고,0,0,1,0,차대사람 - 횡단중,보행자보호의무위반,포장 - 건조,맑음,단일로 - 기타,화물,남,42세,상해없음,보행자,남,37세,경상
1888,2020021900100649,2020년 2월 19일 21시,수요일,제주특별자치도 제주시 삼도일동,경상사고,0,0,1,0,차대사람 - 기타,안전거리미확보,포장 - 건조,맑음,단일로 - 기타,승합,남,42세,상해없음,보행자,여,58세,경상
1889,2020022100100017,2020년 2월 21일 00시,금요일,제주특별자치도 서귀포시 성산읍,경상사고,0,0,1,0,차대사람 - 차도통행중,안전운전불이행,포장 - 건조,기타,단일로 - 기타,승용,남,68세,상해없음,보행자,여,46세,경상
1890,2020022100100302,2020년 2월 21일 13시,금요일,제주특별자치도 제주시 노형동,경상사고,0,0,1,0,차대사람 - 길가장자리구역통행중,안전운전불이행,포장 - 건조,맑음,교차로 - 교차로부근,승용,여,25세,상해없음,보행자,남,23세,경상
1891,2020022100100434,2020년 2월 21일 17시,금요일,제주특별자치도 서귀포시 서귀동,부상신고사고,0,0,0,1,차대사람 - 보도통행중,안전운전불이행,포장 - 건조,맑음,단일로 - 기타,기타불명,기타불명,미분류,기타불명,보행자,남,59세,부상신고
1892,2020022100100474,2020년 2월 21일 18시,금요일,제주특별자치도 제주시 삼양이동,중상사고,0,1,0,0,차대사람 - 횡단중,보행자보호의무위반,포장 - 젖음/습기,비,교차로 - 교차로횡단보도내,승용,남,32세,상해없음,보행자,남,33세,중상
1893,2020022200100223,2020년 2월 22일 12시,토요일,제주특별자치도 제주시 삼도일동,중상사고,0,1,0,0,차대사람 - 기타,안전운전불이행,포장 - 건조,맑음,단일로 - 기타,승용,여,45세,상해없음,보행자,여,5세,중상
1894,2020022200100250,2020년 2월 22일 13시,토요일,제주특별자치도 제주시 화북일동,경상사고,0,0,1,0,차대사람 - 기타,안전운전불이행,포장 - 건조,맑음,단일로 - 기타,승용,남,63세,상해없음,보행자,남,40세,경상
1895,2020022200100405,2020년 2월 22일 19시,토요일,제주특별자치도 제주시 조천읍,경상사고,0,0,1,0,차대사람 - 차도통행중,안전운전불이행,포장 - 건조,맑음,교차로 - 교차로부근,승용,남,51세,상해없음,보행자,여,15세,경상
1896,2020022200100406,2020년 2월 22일 19시,토요일,제주특별자치도 서귀포시 대정읍,중상사고,0,1,0,0,차대사람 - 보도통행중,과속,포장 - 건조,맑음,교차로 - 교차로안,승용,남,51세,상해없음,보행자,여,61세,중상
1897,2020022300100174,2020년 2월 23일 14시,일요일,제주특별자치도 제주시 한림읍,경상사고,0,0,1,0,차대사람 - 보도통행중,안전운전불이행,포장 - 건조,맑음,단일로 - 기타,기타불명,기타불명,미분류,기타불명,보행자,남,10세,경상
1898,2020022300100196,2020년 2월 23일 15시,일요일,제주특별자치도 제주시 용담이동,경상사고,0,0,1,0,차대사람 - 횡단중,안전운전불이행,포장 - 건조,맑음,단일로 - 기타,승용,여,53세,상해없음,보행자,여,16세,경상
1899,2020022400100030,2020년 2월 24일 05시,월요일,제주특별자치도 제주시 봉개동,중상사고,0,1,0,0,차대사람 - 기타,기타,포장 - 건조,맑음,단일로 - 기타,화물,남,39세,상해없음,보행자,여,66세,중상
1900,2020022400100216,2020년 2월 24일 12시,월요일,제주특별자치도 제주시 이도이동,경상사고,0,0,1,0,차대사람 - 횡단중,보행자보호의무위반,포장 - 건조,맑음,교차로 - 교차로횡단보도내,승용,남,71세,상해없음,보행자,여,32세,경상
1901,2020022400100217,2020년 2월 24일 12시,월요일,제주특별자치도 서귀포시 서귀동,경상사고,0,0,1,0,차대사람 - 길가장자리구역통행중,안전운전불이행,포장 - 건조,맑음,단일로 - 기타,승합,남,46세,상해없음,보행자,여,65세,경상
1902,2020022400100432,2020년 2월 24일 19시,월요일,제주특별자치도 제주시 노형동,경상사고,0,0,1,0,차대사람 - 횡단중,안전운전불이행,포장 - 건조,맑음,단일로 - 기타,원동기,여,54세,상해없음,보행자,남,37세,경상
1903,2020022500100160,2020년 2월 25일 10시,화요일,제주특별자치도 제주시 이도이동,경상사고,0,0,1,0,차대사람 - 횡단중,보행자보호의무위반,포장 - 건조,맑음,교차로 - 교차로횡단보도내,승용,남,67세,상해없음,보행자,여,36세,경상
1904,2020022500100200,2020년 2월 25일 12시,화요일,제주특별자치도 서귀포시 서홍동,경상사고,0,0,1,0,차대사람 - 기타,안전운전불이행,포장 - 건조,흐림,교차로 - 교차로안,승용,남,53세,상해없음,보행자,남,59세,경상
1905,2020022600100127,2020년 2월 26일 09시,수요일,제주특별자치도 제주시 용담이동,경상사고,0,0,1,0,차대사람 - 차도통행중,안전운전불이행,포장 - 건조,맑음,단일로 - 기타,승용,여,68세,상해없음,보행자,남,78세,경상
1906,2020022600100343,2020년 2월 26일 18시,수요일,제주특별자치도 제주시 일도이동,경상사고,0,0,1,0,차대사람 - 차도통행중,안전운전불이행,포장 - 건조,맑음,단일로 - 기타,승용,남,50세,상해없음,보행자,남,70세,경상
1907,2020022700100169,2020년 2월 27일 11시,목요일,제주특별자치도 제주시 노형동,경상사고,0,0,1,0,차대사람 - 횡단중,보행자보호의무위반,포장 - 건조,맑음,교차로 - 교차로횡단보도내,승용,여,43세,상해없음,보행자,남,35세,경상
1908,2020022700100363,2020년 2월 27일 19시,목요일,제주특별자치도 제주시 조천읍,중상사고,0,1,0,0,차대사람 - 횡단중,안전운전불이행,포장 - 건조,맑음,교차로 - 교차로횡단보도내,승용,남,32세,상해없음,보행자,여,83세,중상
1909,2020022800100161,2020년 2월 28일 12시,금요일,제주특별자치도 제주시 한경면,중상사고,0,1,0,0,차대사람 - 길가장자리구역통행중,안전운전불이행,포장 - 건조,맑음,단일로 - 기타,승용,여,53세,상해없음,보행자,남,43세,중상
1910,2020022900100079,2020년 2월 29일 06시,토요일,제주특별자치도 제주시 노형동,중상사고,0,1,0,0,차대사람 - 횡단중,보행자보호의무위반,포장 - 젖음/습기,비,교차로 - 교차로안,승용,남,57세,상해없음,보행자,남,59세,중상
1911,2020022900100105,2020년 2월 29일 09시,토요일,제주특별자치도 제주시 도남동,경상사고,0,0,1,0,차대사람 - 기타,안전운전불이행,포장 - 젖음/습기,비,단일로 - 기타,승용,남,55세,상해없음,보행자,남,20세,경상
1912,2020022900100121,2020년 2월 29일 10시,토요일,제주특별자치도 제주시 노형동,부상신고사고,0,0,0,1,차대사람 - 기타,안전운전불이행,포장 - 젖음/습기,비,교차로 - 교차로부근,건설기계,남,24세,상해없음,보행자,남,24세,부상신고
1913,2020030100100251,2020년 3월 1일 20시,일요일,제주특별자치도 제주시 이도일동,중상사고,0,1,0,0,차대사람 - 횡단중,보행자보호의무위반,포장 - 젖음/습기,비,단일로 - 기타,이륜,남,31세,상해없음,보행자,남,47세,중상
1914,2020030200100044,2020년 3월 2일 06시,월요일,제주특별자치도 제주시 노형동,경상사고,0,0,1,0,차대사람 - 기타,안전운전불이행,포장 - 건조,맑음,단일로 - 기타,승용,남,56세,상해없음,보행자,남,39세,경상
1915,2020030200100386,2020년 3월 2일 19시,월요일,제주특별자치도 제주시 용담일동,중상사고,0,1,0,0,차대사람 - 횡단중,보행자보호의무위반,포장 - 건조,맑음,단일로 - 기타,승용,남,52세,상해없음,보행자,남,52세,중상
1916,2020030300100297,2020년 3월 3일 18시,화요일,제주특별자치도 서귀포시 서귀동,경상사고,0,0,1,0,차대사람 - 차도통행중,신호위반,포장 - 건조,맑음,단일로 - 기타,승용,여,48세,상해없음,보행자,남,35세,경상
1917,2020030400100045,2020년 3월 4일 06시,수요일,제주특별자치도 서귀포시 호근동,중상사고,0,1,0,0,차대사람 - 기타,안전운전불이행,포장 - 건조,맑음,단일로 - 기타,승용,남,37세,상해없음,보행자,여,76세,중상
1918,2020030400100284,2020년 3월 4일 17시,수요일,제주특별자치도 제주시 일도일동,경상사고,0,0,1,0,차대사람 - 횡단중,보행자보호의무위반,포장 - 건조,맑음,교차로 - 교차로횡단보도내,승용,남,49세,상해없음,보행자,남,61세,경상
1919,2020030600100167,2020년 3월 6일 10시,금요일,제주특별자치도 제주시 외도일동,경상사고,0,0,1,0,차대사람 - 횡단중,보행자보호의무위반,포장 - 건조,맑음,교차로 - 교차로횡단보도내,승용,여,40세,상해없음,보행자,남,76세,경상
1920,2020030600100536,2020년 3월 6일 21시,금요일,제주특별자치도 제주시 이도일동,중상사고,0,1,0,0,차대사람 - 차도통행중,안전운전불이행,포장 - 젖음/습기,비,단일로 - 기타,승합,남,46세,상해없음,보행자,여,72세,중상
1921,2020030700100123,2020년 3월 7일 10시,토요일,제주특별자치도 제주시 노형동,경상사고,0,0,1,0,차대사람 - 횡단중,보행자보호의무위반,포장 - 젖음/습기,비,교차로 - 교차로횡단보도내,승용,여,35세,상해없음,보행자,여,19세,경상
1922,2020030700100355,2020년 3월 7일 19시,토요일,제주특별자치도 제주시 조천읍,경상사고,0,0,1,0,차대사람 - 기타,안전운전불이행,포장 - 건조,맑음,단일로 - 기타,기타불명,기타불명,미분류,기타불명,보행자,남,33세,경상
1923,2020030700100356,2020년 3월 7일 19시,토요일,제주특별자치도 제주시 아라일동,경상사고,0,0,1,0,차대사람 - 횡단중,보행자보호의무위반,포장 - 젖음/습기,비,단일로 - 기타,승합,남,49세,상해없음,보행자,여,40세,경상
1924,2020030900100133,2020년 3월 9일 09시,월요일,제주특별자치도 제주시 노형동,중상사고,0,1,0,0,차대사람 - 기타,안전운전불이행,포장 - 건조,맑음,단일로 - 기타,승용,여,46세,상해없음,보행자,여,78세,중상
1925,2020030900100304,2020년 3월 9일 15시,월요일,제주특별자치도 서귀포시 표선면,경상사고,0,0,1,0,차대사람 - 횡단중,안전운전불이행,포장 - 젖음/습기,흐림,단일로 - 지하차도(도로)내,승용,여,73세,상해없음,보행자,남,62세,경상
1926,2020031000100153,2020년 3월 10일 10시,화요일,제주특별자치도 제주시 애월읍,경상사고,0,0,1,0,차대사람 - 기타,안전운전불이행,포장 - 젖음/습기,흐림,단일로 - 기타,승용,남,79세,상해없음,보행자,여,69세,경상
1927,2020031000100421,2020년 3월 10일 20시,화요일,제주특별자치도 서귀포시 서귀동,중상사고,0,1,0,0,차대사람 - 횡단중,보행자보호의무위반,포장 - 건조,맑음,교차로 - 교차로횡단보도내,승용,여,57세,상해없음,보행자,남,33세,중상
1928,2020031100100225,2020년 3월 11일 13시,수요일,제주특별자치도 제주시 도남동,경상사고,0,0,1,0,차대사람 - 횡단중,보행자보호의무위반,포장 - 건조,맑음,교차로 - 교차로횡단보도내,승용,남,28세,상해없음,보행자,남,42세,경상
1929,2020031100100322,2020년 3월 11일 16시,수요일,제주특별자치도 제주시 외도일동,중상사고,0,1,0,0,차대사람 - 차도통행중,안전운전불이행,포장 - 건조,맑음,단일로 - 기타,승용,여,25세,상해없음,보행자,여,41세,중상
1930,2020031100100407,2020년 3월 11일 18시,수요일,제주특별자치도 서귀포시 서귀동,중상사고,0,1,0,0,차대사람 - 횡단중,안전운전불이행,포장 - 건조,맑음,단일로 - 기타,승용,남,23세,상해없음,보행자,남,43세,중상
1931,2020031100100445,2020년 3월 11일 19시,수요일,제주특별자치도 제주시 이도이동,부상신고사고,0,0,0,1,차대사람 - 차도통행중,안전운전불이행,포장 - 건조,맑음,단일로 - 기타,승용,여,67세,상해없음,보행자,여,55세,부상신고
1932,2020031200100046,2020년 3월 12일 05시,목요일,제주특별자치도 제주시 일도일동,중상사고,0,1,0,0,차대사람 - 기타,안전운전불이행,포장 - 건조,맑음,단일로 - 기타,승용,여,51세,상해없음,보행자,여,75세,중상
1933,2020031200100167,2020년 3월 12일 10시,목요일,제주특별자치도 제주시 삼양이동,경상사고,0,0,1,0,차대사람 - 횡단중,보행자보호의무위반,포장 - 건조,맑음,단일로 - 기타,승용,여,38세,상해없음,보행자,남,37세,경상
1934,2020031200100383,2020년 3월 12일 17시,목요일,제주특별자치도 제주시 용담일동,경상사고,0,0,1,0,차대사람 - 보도통행중,안전운전불이행,포장 - 건조,맑음,단일로 - 기타,승용,남,56세,상해없음,보행자,남,50세,경상
1935,2020031200100385,2020년 3월 12일 17시,목요일,제주특별자치도 제주시 노형동,경상사고,0,0,1,0,차대사람 - 기타,안전운전불이행,포장 - 건조,맑음,단일로 - 기타,승용,여,21세,상해없음,보행자,여,26세,경상
1936,2020031200100463,2020년 3월 12일 19시,목요일,제주특별자치도 제주시 일도이동,경상사고,0,0,1,0,차대사람 - 횡단중,안전운전불이행,포장 - 건조,맑음,교차로 - 교차로횡단보도내,승용,여,55세,상해없음,보행자,남,49세,경상
1937,2020031300100157,2020년 3월 13일 11시,금요일,제주특별자치도 제주시 애월읍,경상사고,0,0,1,0,차대사람 - 차도통행중,안전운전불이행,포장 - 건조,맑음,단일로 - 기타,승용,여,61세,상해없음,보행자,남,44세,경상
1938,2020031300100307,2020년 3월 13일 16시,금요일,제주특별자치도 서귀포시 표선면,중상사고,0,1,0,0,차대사람 - 길가장자리구역통행중,안전운전불이행,포장 - 건조,맑음,단일로 - 기타,승용,여,52세,상해없음,보행자,남,9세,중상
1939,2020031300100444,2020년 3월 13일 20시,금요일,제주특별자치도 제주시 오등동,중상사고,0,1,0,0,차대사람 - 기타,안전운전불이행,포장 - 건조,흐림,교차로 - 교차로안,승용,남,55세,상해없음,보행자,남,52세,중상
1940,2020031400100216,2020년 3월 14일 12시,토요일,제주특별자치도 서귀포시 서귀동,경상사고,0,0,1,0,차대사람 - 차도통행중,안전운전불이행,포장 - 건조,맑음,단일로 - 기타,승용,남,38세,상해없음,보행자,남,58세,경상
1941,2020031400100415,2020년 3월 14일 18시,토요일,제주특별자치도 서귀포시 동홍동,중상사고,0,1,0,0,차대사람 - 길가장자리구역통행중,중앙선침범,포장 - 건조,맑음,단일로 - 기타,승용,여,48세,상해없음,보행자,여,63세,중상
1942,2020031500100056,2020년 3월 15일 05시,일요일,제주특별자치도 제주시 연동,경상사고,0,0,1,0,차대사람 - 길가장자리구역통행중,안전운전불이행,포장 - 건조,맑음,교차로 - 교차로안,승용,여,29세,상해없음,보행자,여,35세,경상
1943,2020031600100096,2020년 3월 16일 08시,월요일,제주특별자치도 제주시 일도이동,경상사고,0,0,1,0,차대사람 - 횡단중,보행자보호의무위반,포장 - 건조,맑음,단일로 - 기타,승용,남,42세,상해없음,보행자,여,26세,경상
1944,2020031600100231,2020년 3월 16일 12시,월요일,제주특별자치도 제주시 이도이동,중상사고,0,1,0,0,차대사람 - 횡단중,보행자보호의무위반,포장 - 건조,맑음,교차로 - 교차로횡단보도내,승용,여,46세,상해없음,보행자,여,62세,중상
1945,2020031600100313,2020년 3월 16일 15시,월요일,제주특별자치도 제주시 일도일동,경상사고,0,0,1,0,차대사람 - 차도통행중,안전운전불이행,포장 - 건조,맑음,단일로 - 기타,승용,남,29세,상해없음,보행자,여,64세,경상
1946,2020031600100373,2020년 3월 16일 17시,월요일,제주특별자치도 제주시 일도이동,중상사고,0,1,0,0,차대사람 - 횡단중,보행자보호의무위반,포장 - 건조,맑음,교차로 - 교차로횡단보도내,승용,남,63세,상해없음,보행자,여,64세,중상
1947,2020031600100463,2020년 3월 16일 19시,월요일,제주특별자치도 제주시 노형동,경상사고,0,0,1,0,차대사람 - 횡단중,보행자보호의무위반,포장 - 건조,맑음,교차로 - 교차로부근,승용,여,45세,기타불명,보행자,남,35세,경상
1948,2020031700100087,2020년 3월 17일 08시,화요일,제주특별자치도 제주시 노형동,중상사고,0,1,0,0,차대사람 - 보도통행중,보행자보호의무위반,포장 - 건조,맑음,단일로 - 기타,승용,남,70세,상해없음,보행자,여,67세,중상
1949,2020031700100223,2020년 3월 17일 14시,화요일,제주특별자치도 제주시 조천읍,사망사고,1,0,0,0,차대사람 - 횡단중,보행자보호의무위반,포장 - 건조,맑음,교차로 - 교차로횡단보도내,승용,남,58세,상해없음,보행자,여,60세,사망
1950,2020031700100388,2020년 3월 17일 19시,화요일,제주특별자치도 서귀포시 서홍동,사망사고,1,0,0,0,차대사람 - 횡단중,보행자보호의무위반,포장 - 건조,맑음,교차로 - 교차로안,승용,여,57세,상해없음,보행자,여,61세,사망
1951,2020031800100120,2020년 3월 18일 09시,수요일,제주특별자치도 제주시 삼도이동,경상사고,0,0,1,0,차대사람 - 기타,교차로운행방법위반,포장 - 건조,맑음,교차로 - 교차로안,승용,남,37세,기타불명,보행자,남,36세,경상
1952,2020031800100172,2020년 3월 18일 11시,수요일,제주특별자치도 제주시 노형동,경상사고,0,0,1,0,차대사람 - 횡단중,보행자보호의무위반,포장 - 건조,맑음,단일로 - 기타,승용,여,63세,상해없음,보행자,여,9세,경상
1953,2020031800100220,2020년 3월 18일 13시,수요일,제주특별자치도 제주시 이도이동,경상사고,0,0,1,0,차대사람 - 기타,안전운전불이행,포장 - 건조,맑음,단일로 - 기타,승용,남,28세,상해없음,보행자,여,75세,경상
1954,2020031900100043,2020년 3월 19일 06시,목요일,제주특별자치도 제주시 조천읍,중상사고,0,1,0,0,차대사람 - 기타,안전운전불이행,포장 - 건조,맑음,교차로 - 교차로횡단보도내,승용,여,65세,상해없음,보행자,남,18세,중상
1955,2020031900100084,2020년 3월 19일 08시,목요일,제주특별자치도 제주시 이도이동,중상사고,0,1,0,0,차대사람 - 횡단중,보행자보호의무위반,포장 - 건조,맑음,교차로 - 교차로횡단보도내,승용,여,26세,상해없음,보행자,여,54세,중상
1956,2020031900100110,2020년 3월 19일 10시,목요일,제주특별자치도 제주시 일도이동,중상사고,0,1,0,0,차대사람 - 횡단중,보행자보호의무위반,포장 - 건조,맑음,단일로 - 기타,승용,남,33세,상해없음,보행자,여,65세,중상
1957,2020031900100433,2020년 3월 19일 21시,목요일,제주특별자치도 서귀포시 상예동,사망사고,1,0,0,0,차대사람 - 길가장자리구역통행중,안전운전불이행,포장 - 건조,맑음,단일로 - 기타,승용,남,49세,상해없음,보행자,여,48세,사망
1958,2020032000100013,2020년 3월 20일 00시,금요일,제주특별자치도 서귀포시 서귀동,경상사고,0,0,1,0,차대사람 - 차도통행중,안전운전불이행,포장 - 건조,맑음,교차로 - 교차로안,승용,남,19세,상해없음,보행자,남,45세,경상
1959,2020032000100301,2020년 3월 20일 14시,금요일,제주특별자치도 제주시 연동,경상사고,0,0,1,0,차대사람 - 차도통행중,안전운전불이행,포장 - 건조,맑음,교차로 - 교차로부근,승용,남,59세,상해없음,보행자,남,48세,경상
1960,2020032100100028,2020년 3월 21일 01시,토요일,제주특별자치도 제주시 일도이동,경상사고,0,0,1,0,차대사람 - 횡단중,보행자보호의무위반,포장 - 건조,맑음,교차로 - 교차로횡단보도내,승용,여,37세,상해없음,보행자,남,53세,경상
1961,2020032100100029,2020년 3월 21일 01시,토요일,제주특별자치도 서귀포시 대정읍,경상사고,0,0,1,0,차대사람 - 횡단중,안전운전불이행,포장 - 건조,맑음,단일로 - 기타,승용,남,28세,상해없음,보행자,남,34세,경상
1962,2020032100100429,2020년 3월 21일 18시,토요일,제주특별자치도 제주시 구좌읍,중상사고,0,1,0,0,차대사람 - 기타,안전운전불이행,포장 - 건조,맑음,단일로 - 기타,화물,남,44세,상해없음,보행자,여,4세,중상
1963,2020032100100553,2020년 3월 21일 23시,토요일,제주특별자치도 서귀포시 서귀동,경상사고,0,0,1,0,차대사람 - 기타,안전운전불이행,포장 - 건조,맑음,교차로 - 교차로부근,원동기,남,66세,상해없음,보행자,여,50세,경상
1964,2020032200100339,2020년 3월 22일 19시,일요일,제주특별자치도 제주시 애월읍,경상사고,0,0,1,0,차대사람 - 횡단중,안전운전불이행,포장 - 건조,맑음,교차로 - 교차로횡단보도내,승용,여,38세,상해없음,보행자,여,82세,경상
1965,2020032300100101,2020년 3월 23일 08시,월요일,제주특별자치도 제주시 삼도이동,중상사고,0,1,0,0,차대사람 - 횡단중,보행자보호의무위반,포장 - 건조,맑음,교차로 - 교차로횡단보도내,승용,여,58세,상해없음,보행자,여,54세,중상
1966,2020032300100102,2020년 3월 23일 08시,월요일,제주특별자치도 제주시 이도이동,경상사고,0,0,1,0,차대사람 - 횡단중,보행자보호의무위반,포장 - 건조,맑음,교차로 - 교차로횡단보도내,승용,남,42세,상해없음,보행자,여,34세,경상
1967,2020032500100023,2020년 3월 25일 03시,수요일,제주특별자치도 서귀포시 서귀동,중상사고,0,1,0,0,차대사람 - 기타,중앙선침범,포장 - 건조,흐림,기타 - 기타,승용,남,66세,상해없음,보행자,남,22세,중상
1968,2020032500100097,2020년 3월 25일 08시,수요일,제주특별자치도 서귀포시 동홍동,중상사고,0,1,0,0,차대사람 - 횡단중,안전운전불이행,포장 - 건조,맑음,교차로 - 교차로횡단보도내,승용,여,38세,기타불명,보행자,남,53세,중상
1969,2020032500100228,2020년 3월 25일 12시,수요일,제주특별자치도 제주시 아라일동,경상사고,0,0,1,0,차대사람 - 보도통행중,보행자보호의무위반,포장 - 건조,맑음,주차장 - 주차장,승용,남,30세,상해없음,보행자,여,47세,경상
1970,2020032500100257,2020년 3월 25일 13시,수요일,제주특별자치도 제주시 이도이동,경상사고,0,0,1,0,차대사람 - 기타,안전운전불이행,포장 - 건조,맑음,단일로 - 기타,승용,남,38세,상해없음,보행자,여,63세,경상
1971,2020032500100291,2020년 3월 25일 14시,수요일,제주특별자치도 제주시 연동,중상사고,0,1,0,0,차대사람 - 횡단중,신호위반,포장 - 건조,맑음,교차로 - 교차로횡단보도내,승용,남,79세,상해없음,보행자,여,63세,중상
1972,2020032500100504,2020년 3월 25일 20시,수요일,제주특별자치도 서귀포시 서귀동,중상사고,0,1,0,0,차대사람 - 횡단중,보행자보호의무위반,포장 - 건조,맑음,단일로 - 기타,승용,여,57세,상해없음,보행자,남,14세,중상
1973,2020032500100505,2020년 3월 25일 20시,수요일,제주특별자치도 제주시 애월읍,중상사고,0,1,0,0,차대사람 - 횡단중,보행자보호의무위반,포장 - 젖음/습기,비,교차로 - 교차로횡단보도내,승용,남,39세,상해없음,보행자,여,48세,중상
1974,2020032500100538,2020년 3월 25일 21시,수요일,제주특별자치도 제주시 연동,경상사고,0,0,1,0,차대사람 - 길가장자리구역통행중,안전운전불이행,포장 - 건조,맑음,기타 - 기타,승용,남,55세,상해없음,보행자,남,26세,경상
1975,2020032600100116,2020년 3월 26일 09시,목요일,제주특별자치도 제주시 조천읍,경상사고,0,0,1,0,차대사람 - 보도통행중,안전운전불이행,포장 - 젖음/습기,비,단일로 - 기타,화물,여,58세,상해없음,보행자,남,39세,경상