,사고번호,사고일시,요일,시군구,사고내용,사망자수,중상자수,경상자수,부상신고자수,사고유형,법규위반,노면상태,기상상태,도로형태,가해운전자 차종,가해운전자 성별,가해운전자 연령,가해운전자 상해정도,피해운전자 차종,피해운전자 성별,피해운전자 연령,피해운전자 상해정도
2077,2020060300100262,2020년 6월 3일 13시,수요일,제주특별자치도 서귀포시 남원읍,중상사고,0,1,0,0,차대사람 - 차도통행중,안전운전불이행,포장 - 건조,맑음,교차로 - 교차로안,승용,남,47세,상해없음,보행자,여,79세,중상
2078,2020060300100426,2020년 6월 3일 17시,수요일,제주특별자치도 제주시 연동,중상사고,0,1,0,0,차대사람 - 횡단중,신호위반,포장 - 건조,맑음,교차로 - 교차로횡단보도내,승용,남,65세,상해없음,보행자,남,9세,중상
2079,2020060400100354,2020년 6월 4일 15시,목요일,제주특별자치도 서귀포시 동홍동,경상사고,0,0,1,0,차대사람 - 길가장자리구역통행중,안전운전불이행,포장 - 건조,맑음,단일로 - 지하차도(도로)내,승용,여,49세,상해없음,보행자,여,45세,경상
2080,2020060600100272,2020년 6월 6일 13시,토요일,제주특별자치도 서귀포시 서홍동,경상사고,0,0,1,1,차대사람 - 횡단중,보행자보호의무위반,포장 - 건조,맑음,교차로 - 교차로횡단보도내,이륜,남,28세,부상신고,보행자,남,56세,경상
2081,2020060700100377,2020년 6월 7일 17시,일요일,제주특별자치도 제주시 이호일동,경상사고,0,0,1,0,차대사람 - 기타,안전운전불이행,포장 - 건조,맑음,단일로 - 기타,승용,남,58세,상해없음,보행자,남,2세,경상
2082,2020060700100413,2020년 6월 7일 18시,일요일,제주특별자치도 제주시 일도이동,경상사고,0,0,1,0,차대사람 - 횡단중,안전운전불이행,포장 - 건조,맑음,교차로 - 교차로안,승용,여,52세,상해없음,보행자,남,22세,경상
2083,2020060700100468,2020년 6월 7일 20시,일요일,제주특별자치도 제주시 화북이동,경상사고,0,0,1,0,차대사람 - 차도통행중,안전운전불이행,포장 - 건조,맑음,단일로 - 기타,승용,남,30세,상해없음,보행자,남,47세,경상
2084,2020060800100667,2020년 6월 8일 21시,월요일,제주특별자치도 서귀포시 중문동,중상사고,0,1,0,0,차대사람 - 횡단중,안전운전불이행,포장 - 건조,맑음,교차로 - 교차로부근,승용,여,34세,상해없음,보행자,남,50세,중상
2085,2020060800100692,2020년 6월 8일 22시,월요일,제주특별자치도 제주시 삼도이동,경상사고,0,0,1,0,차대사람 - 기타,안전운전불이행,포장 - 건조,맑음,단일로 - 기타,승용,여,39세,상해없음,보행자,남,41세,경상
2086,2020060900100455,2020년 6월 9일 16시,화요일,제주특별자치도 제주시 이도이동,경상사고,0,0,1,0,차대사람 - 기타,안전운전불이행,포장 - 건조,맑음,단일로 - 기타,승용,남,37세,상해없음,보행자,여,18세,경상
2087,2020061000100411,2020년 6월 10일 16시,수요일,제주특별자치도 서귀포시 남원읍,경상사고,0,0,1,0,차대사람 - 횡단중,보행자보호의무위반,포장 - 건조,맑음,단일로 - 기타,화물,남,65세,상해없음,보행자,여,87세,경상
2088,2020061100100408,2020년 6월 11일 16시,목요일,제주특별자치도 제주시 아라일동,부상신고사고,0,0,0,1,차대사람 - 횡단중,안전운전불이행,포장 - 건조,맑음,단일로 - 기타,승용,여,51세,기타불명,보행자,남,9세,부상신고
2089,2020061100100459,2020년 6월 11일 17시,목요일,제주특별자치도 제주시 연동,중상사고,0,1,0,0,차대사람 - 차도통행중,안전운전불이행,포장 - 건조,맑음,단일로 - 기타,승용,남,47세,상해없음,보행자,남,12세,중상
2090,2020061100100532,2020년 6월 11일 19시,목요일,제주특별자치도 제주시 이도이동,경상사고,0,0,1,0,차대사람 - 기타,안전운전불이행,포장 - 건조,맑음,단일로 - 기타,승용,남,24세,상해없음,보행자,여,59세,경상
2091,2020061200100009,2020년 6월 12일 00시,금요일,제주특별자치도 제주시 일도이동,부상신고사고,0,0,0,1,차대사람 - 기타,안전운전불이행,포장 - 건조,맑음,교차로 - 교차로부근,승용,남,65세,상해없음,보행자,남,29세,부상신고
2092,2020061200100200,2020년 6월 12일 10시,금요일,제주특별자치도 제주시 이도이동,경상사고,0,0,1,0,차대사람 - 길가장자리구역통행중,안전운전불이행,포장 - 건조,맑음,단일로 - 기타,승용,남,56세,상해없음,보행자,여,19세,경상
2093,2020061200100202,2020년 6월 12일 10시,금요일,제주특별자치도 제주시 노형동,경상사고,0,0,1,0,차대사람 - 횡단중,보행자보호의무위반,포장 - 건조,맑음,교차로 - 교차로횡단보도내,승용,남,29세,상해없음,보행자,남,63세,경상
2094,2020061200100310,2020년 6월 12일 13시,금요일,제주특별자치도 제주시 한림읍,경상사고,0,0,1,0,차대사람 - 차도통행중,안전운전불이행,포장 - 건조,맑음,단일로 - 기타,승용,여,22세,상해없음,보행자,여,50세,경상
2095,2020061200100346,2020년 6월 12일 14시,금요일,제주특별자치도 제주시 용담이동,경상사고,0,0,1,0,차대사람 - 기타,안전운전불이행,포장 - 건조,맑음,단일로 - 고가도로위,승용,남,59세,상해없음,보행자,남,46세,경상
2096,2020061200100745,2020년 6월 12일 23시,금요일,제주특별자치도 제주시 연동,경상사고,0,0,1,0,차대사람 - 기타,안전운전불이행,포장 - 건조,맑음,교차로 - 교차로안,승용,남,20세,상해없음,보행자,여,31세,경상
2097,2020061400100377,2020년 6월 14일 18시,일요일,제주특별자치도 서귀포시 서귀동,경상사고,0,0,1,0,차대사람 - 기타,안전운전불이행,포장 - 건조,맑음,단일로 - 기타,원동기,남,53세,상해없음,보행자,여,5세,경상
2098,2020061500100240,2020년 6월 15일 11시,월요일,제주특별자치도 서귀포시 남원읍,중상사고,0,1,0,0,차대사람 - 기타,안전운전불이행,포장 - 건조,맑음,단일로 - 기타,승용,남,57세,상해없음,보행자,여,71세,중상
2099,2020061500100274,2020년 6월 15일 12시,월요일,제주특별자치도 제주시 이도이동,경상사고,0,0,1,0,차대사람 - 기타,안전운전불이행,포장 - 건조,맑음,기타 - 기타,승합,남,59세,상해없음,보행자,남,86세,경상
2100,2020061500100397,2020년 6월 15일 15시,월요일,제주특별자치도 서귀포시 안덕면,중상사고,0,1,0,0,차대사람 - 횡단중,보행자보호의무위반,포장 - 건조,맑음,단일로 - 기타,승용,여,23세,상해없음,보행자,여,57세,중상
2101,2020061800100064,2020년 6월 18일 05시,목요일,제주특별자치도 제주시 이도이동,중상사고,0,1,0,0,차대사람 - 횡단중,신호위반,포장 - 젖음/습기,비,단일로 - 기타,승용,남,21세,상해없음,보행자,여,74세,중상
2102,2020061800100148,2020년 6월 18일 08시,목요일,제주특별자치도 제주시 영평동,경상사고,0,0,1,0,차대사람 - 기타,안전운전불이행,포장 - 젖음/습기,비,교차로 - 교차로안,승용,여,39세,상해없음,보행자,남,53세,경상
2103,2020061800100591,2020년 6월 18일 21시,목요일,제주특별자치도 제주시 연동,경상사고,0,0,1,0,차대사람 - 길가장자리구역통행중,안전운전불이행,포장 - 건조,맑음,단일로 - 기타,승용,여,30세,상해없음,보행자,남,40세,경상
2104,2020061900100132,2020년 6월 19일 08시,금요일,제주특별자치도 서귀포시 서귀동,중상사고,0,1,0,0,차대사람 - 기타,안전운전불이행,포장 - 건조,맑음,단일로 - 기타,승용,여,51세,상해없음,보행자,남,53세,중상
2105,2020061900100157,2020년 6월 19일 09시,금요일,제주특별자치도 서귀포시 성산읍,중상사고,0,1,0,0,차대사람 - 횡단중,안전운전불이행,포장 - 젖음/습기,비,교차로 - 교차로안,화물,남,35세,상해없음,보행자,남,83세,중상
2106,2020062000100095,2020년 6월 20일 07시,토요일,제주특별자치도 제주시 연동,경상사고,0,0,1,0,차대사람 - 기타,안전운전불이행,포장 - 건조,맑음,교차로 - 교차로부근,승용,남,69세,상해없음,보행자,여,35세,경상
2107,2020062000100278,2020년 6월 20일 12시,토요일,제주특별자치도 제주시 구좌읍,경상사고,0,0,1,0,차대사람 - 횡단중,안전운전불이행,포장 - 건조,맑음,교차로 - 교차로부근,승합,여,65세,상해없음,보행자,남,34세,경상
2108,2020062000100632,2020년 6월 20일 21시,토요일,제주특별자치도 제주시 삼도이동,경상사고,0,0,1,0,차대사람 - 기타,안전운전불이행,포장 - 건조,맑음,교차로 - 교차로안,승용,남,60세,상해없음,보행자,남,59세,경상
2109,2020062200100088,2020년 6월 22일 07시,월요일,제주특별자치도 제주시 연동,부상신고사고,0,0,0,1,차대사람 - 횡단중,안전운전불이행,포장 - 건조,맑음,단일로 - 기타,화물,남,33세,상해없음,보행자,남,54세,부상신고
2110,2020062200100130,2020년 6월 22일 08시,월요일,제주특별자치도 서귀포시 서홍동,경상사고,0,0,1,0,차대사람 - 횡단중,보행자보호의무위반,포장 - 건조,맑음,교차로 - 교차로부근,승용,남,60세,상해없음,보행자,여,13세,경상
2111,2020062200100300,2020년 6월 22일 12시,월요일,제주특별자치도 제주시 일도이동,경상사고,0,0,1,0,차대사람 - 기타,보행자보호의무위반,포장 - 건조,맑음,기타 - 기타,승용,여,40세,상해없음,보행자,여,57세,경상
2112,2020062200100438,2020년 6월 22일 15시,월요일,제주특별자치도 제주시 건입동,경상사고,0,0,1,0,차대사람 - 차도통행중,안전운전불이행,포장 - 건조,맑음,단일로 - 기타,승용,남,73세,상해없음,보행자,여,10세,경상
2113,2020062200100490,2020년 6월 22일 16시,월요일,제주특별자치도 제주시 노형동,부상신고사고,0,0,0,1,차대사람 - 차도통행중,안전운전불이행,포장 - 건조,맑음,단일로 - 기타,승용,여,51세,상해없음,보행자,남,6세,부상신고
2114,2020062200100592,2020년 6월 22일 18시,월요일,제주특별자치도 제주시 일도일동,경상사고,0,0,1,0,차대사람 - 길가장자리구역통행중,안전운전불이행,포장 - 건조,맑음,교차로 - 교차로안,승용,여,49세,상해없음,보행자,남,26세,경상
2115,2020062300100058,2020년 6월 23일 06시,화요일,제주특별자치도 제주시 한림읍,중상사고,0,1,0,0,차대사람 - 기타,안전운전불이행,포장 - 건조,맑음,단일로 - 기타,승용,남,82세,상해없음,보행자,여,82세,중상
2116,2020062300100273,2020년 6월 23일 11시,화요일,제주특별자치도 서귀포시 성산읍,경상사고,0,0,1,0,차대사람 - 횡단중,안전운전불이행,비포장 - 건조,맑음,주차장 - 주차장,승용,여,29세,상해없음,보행자,여,30세,경상
2117,2020062400100435,2020년 6월 24일 17시,수요일,제주특별자치도 제주시 이도이동,경상사고,0,0,1,0,차대사람 - 차도통행중,안전운전불이행,포장 - 젖음/습기,비,교차로 - 교차로부근,승용,여,58세,상해없음,보행자,여,17세,경상
2118,2020062400100615,2020년 6월 24일 21시,수요일,제주특별자치도 서귀포시 서귀동,중상사고,0,1,1,0,차대사람 - 기타,보행자보호의무위반,포장 - 건조,맑음,교차로 - 교차로횡단보도내,이륜,남,39세,경상,보행자,남,66세,중상
2119,2020062500100031,2020년 6월 25일 00시,목요일,제주특별자치도 제주시 노형동,부상신고사고,0,0,0,1,차대사람 - 차도통행중,안전운전불이행,포장 - 젖음/습기,비,단일로 - 기타,승용,남,31세,상해없음,보행자,남,48세,부상신고
2120,2020062500100148,2020년 6월 25일 08시,목요일,제주특별자치도 서귀포시 서호동,경상사고,0,0,1,0,차대사람 - 횡단중,안전운전불이행,포장 - 젖음/습기,흐림,교차로 - 교차로부근,화물,남,45세,상해없음,보행자,남,48세,경상
2121,2020062500100259,2020년 6월 25일 12시,목요일,제주특별자치도 제주시 조천읍,경상사고,0,0,1,0,차대사람 - 횡단중,안전운전불이행,포장 - 건조,맑음,단일로 - 기타,화물,여,34세,상해없음,보행자,여,71세,경상
2122,2020062600100493,2020년 6월 26일 17시,금요일,제주특별자치도 제주시 용담이동,경상사고,0,0,1,0,차대사람 - 기타,안전운전불이행,포장 - 건조,맑음,기타 - 기타,승용,남,66세,상해없음,보행자,여,28세,경상
2123,2020062700100394,2020년 6월 27일 16시,토요일,제주특별자치도 서귀포시 서홍동,경상사고,0,0,1,0,차대사람 - 길가장자리구역통행중,안전운전불이행,포장 - 건조,맑음,단일로 - 기타,승용,남,60세,상해없음,보행자,여,28세,경상
2124,2020062800100051,2020년 6월 28일 03시,일요일,제주특별자치도 제주시 삼도일동,사망사고,1,0,0,0,차대사람 - 횡단중,안전운전불이행,포장 - 건조,맑음,단일로 - 기타,승용,남,66세,상해없음,보행자,여,72세,사망
2125,2020062800100505,2020년 6월 28일 23시,일요일,제주특별자치도 제주시 연동,경상사고,0,0,1,0,차대사람 - 기타,안전운전불이행,포장 - 건조,맑음,단일로 - 기타,승용,남,28세,기타불명,보행자,남,59세,경상
2126,2020062900100257,2020년 6월 29일 13시,월요일,제주특별자치도 제주시 봉개동,경상사고,0,0,1,0,차대사람 - 횡단중,안전운전불이행,포장 - 젖음/습기,비,교차로 - 교차로안,승용,남,70세,상해없음,보행자,남,69세,경상
2127,2020062900100258,2020년 6월 29일 13시,월요일,제주특별자치도 제주시 화북일동,부상신고사고,0,0,0,1,차대사람 - 기타,안전운전불이행,포장 - 젖음/습기,비,단일로 - 기타,기타불명,기타불명,미분류,기타불명,보행자,남,10세,부상신고
2128,2020062900100545,2020년 6월 29일 20시,월요일,제주특별자치도 제주시 이도이동,경상사고,0,0,1,0,차대사람 - 보도통행중,보행자보호의무위반,포장 - 젖음/습기,비,교차로 - 교차로횡단보도내,승용,남,59세,상해없음,보행자,남,46세,경상
2129,2020063000100291,2020년 6월 30일 14시,화요일,제주특별자치도 제주시 오라일동,중상사고,0,1,0,0,차대사람 - 횡단중,안전운전불이행,포장 - 건조,맑음,단일로 - 기타,승용,남,73세,상해없음,보행자,남,45세,중상
2130,2020063000100445,2020년 6월 30일 18시,화요일,제주특별자치도 서귀포시 법환동,경상사고,0,0,1,0,차대사람 - 횡단중,안전운전불이행,포장 - 건조,맑음,단일로 - 교량,승합,남,62세,상해없음,보행자,여,68세,경상
2131,2020063000100507,2020년 6월 30일 20시,화요일,제주특별자치도 제주시 노형동,경상사고,0,0,1,0,차대사람 - 차도통행중,안전운전불이행,포장 - 건조,맑음,단일로 - 기타,승용,남,55세,상해없음,보행자,여,73세,경상
2132,2020063000100557,2020년 6월 30일 21시,화요일,제주특별자치도 제주시 연동,부상신고사고,0,0,0,1,차대사람 - 길가장자리구역통행중,안전운전불이행,포장 - 건조,맑음,단일로 - 기타,승합,남,31세,상해없음,보행자,남,39세,부상신고
2133,2020063000100619,2020년 6월 30일 23시,화요일,제주특별자치도 제주시 노형동,경상사고,0,0,1,0,차대사람 - 차도통행중,안전운전불이행,포장 - 건조,기타,교차로 - 교차로안,승용,남,55세,상해없음,보행자,남,35세,경상
2134,2020070100100217,2020년 7월 1일 11시,수요일,제주특별자치도 서귀포시 표선면,경상사고,0,0,1,0,차대사람 - 횡단중,안전운전불이행,포장 - 건조,맑음,교차로 - 교차로부근,승용,남,39세,상해없음,보행자,여,80세,경상
2135,2020070200100013,2020년 7월 2일 00시,목요일,제주특별자치도 서귀포시 표선면,사망사고,1,0,0,0,차대사람 - 길가장자리구역통행중,안전운전불이행,포장 - 건조,맑음,단일로 - 지하차도(도로)내,화물,남,48세,상해없음,보행자,여,88세,사망
2136,2020070200100516,2020년 7월 2일 19시,목요일,제주특별자치도 제주시 이도일동,경상사고,0,0,1,0,차대사람 - 기타,안전운전불이행,포장 - 건조,맑음,교차로 - 교차로안,승용,남,40세,상해없음,보행자,남,54세,경상
2137,2020070400100358,2020년 7월 4일 14시,토요일,제주특별자치도 서귀포시 서귀동,중상사고,0,1,0,0,차대사람 - 차도통행중,안전운전불이행,포장 - 건조,맑음,단일로 - 기타,승용,남,35세,상해없음,보행자,여,72세,중상
2138,2020070400100359,2020년 7월 4일 14시,토요일,제주특별자치도 제주시 연동,경상사고,0,0,1,0,차대사람 - 횡단중,신호위반,포장 - 건조,맑음,교차로 - 교차로횡단보도내,승용,남,77세,상해없음,보행자,여,24세,경상
2139,2020070500100043,2020년 7월 5일 02시,일요일,제주특별자치도 제주시 이도이동,중상사고,0,1,0,0,차대사람 - 기타,안전운전불이행,포장 - 건조,맑음,교차로 - 교차로횡단보도내,승용,여,20세,상해없음,보행자,남,50세,중상
2140,2020070500100261,2020년 7월 5일 15시,일요일,제주특별자치도 제주시 조천읍,경상사고,0,0,1,0,차대사람 - 기타,안전운전불이행,포장 - 건조,맑음,단일로 - 기타,승용,남,54세,상해없음,보행자,남,50세,경상
2141,2020070500100376,2020년 7월 5일 19시,일요일,제주특별자치도 제주시 이도이동,경상사고,0,0,1,0,차대사람 - 기타,안전운전불이행,포장 - 건조,맑음,기타 - 기타,자전거,남,7세,상해없음,보행자,남,1세,경상
2142,2020070600100518,2020년 7월 6일 20시,월요일,제주특별자치도 제주시 이도일동,경상사고,0,0,2,0,차대사람 - 기타,안전운전불이행,포장 - 건조,맑음,교차로 - 교차로부근,승용,남,57세,상해없음,보행자,여,27세,경상
2143,2020070700100169,2020년 7월 7일 10시,화요일,제주특별자치도 제주시 용담삼동,경상사고,0,0,1,0,차대사람 - 횡단중,보행자보호의무위반,포장 - 건조,맑음,교차로 - 교차로횡단보도내,승용,남,68세,상해없음,보행자,남,59세,경상
2144,2020070700100405,2020년 7월 7일 17시,화요일,제주특별자치도 제주시 이도이동,경상사고,0,0,1,0,차대사람 - 횡단중,보행자보호의무위반,포장 - 건조,맑음,교차로 - 교차로안,승합,남,51세,상해없음,보행자,남,7세,경상
2145,2020070800100214,2020년 7월 8일 11시,수요일,제주특별자치도 제주시 이도일동,중상사고,0,1,0,0,차대사람 - 횡단중,보행자보호의무위반,포장 - 건조,맑음,단일로 - 기타,승용,남,28세,상해없음,보행자,여,80세,중상
2146,2020070900100153,2020년 7월 9일 09시,목요일,제주특별자치도 제주시 용담이동,경상사고,0,0,1,0,차대사람 - 기타,안전운전불이행,포장 - 건조,맑음,단일로 - 기타,승용,남,27세,상해없음,보행자,여,41세,경상
2147,2020070900100432,2020년 7월 9일 16시,목요일,제주특별자치도 서귀포시 보목동,중상사고,0,1,0,0,차대사람 - 기타,안전운전불이행,포장 - 건조,맑음,단일로 - 기타,화물,남,51세,상해없음,보행자,여,77세,중상
2148,2020071000100357,2020년 7월 10일 15시,금요일,제주특별자치도 제주시 일도이동,경상사고,0,0,1,0,차대사람 - 횡단중,보행자보호의무위반,포장 - 건조,맑음,교차로 - 교차로부근,화물,남,41세,기타불명,보행자,여,70세,경상
2149,2020071100100226,2020년 7월 11일 11시,토요일,제주특별자치도 제주시 오라이동,경상사고,0,0,1,0,차대사람 - 횡단중,보행자보호의무위반,포장 - 건조,맑음,교차로 - 교차로횡단보도내,승용,남,66세,상해없음,보행자,남,68세,경상
2150,2020071300100150,2020년 7월 13일 09시,월요일,제주특별자치도 제주시 노형동,경상사고,0,0,1,0,차대사람 - 횡단중,안전운전불이행,포장 - 건조,맑음,교차로 - 교차로부근,승용,남,38세,상해없음,보행자,여,39세,경상
2151,2020071300100279,2020년 7월 13일 13시,월요일,제주특별자치도 제주시 아라일동,경상사고,0,0,1,0,차대사람 - 기타,안전운전불이행,포장 - 건조,맑음,단일로 - 기타,승용,여,54세,상해없음,보행자,남,77세,경상
2152,2020071300100549,2020년 7월 13일 21시,월요일,제주특별자치도 서귀포시 서귀동,중상사고,0,1,0,0,차대사람 - 횡단중,안전운전불이행,포장 - 건조,맑음,단일로 - 기타,승용,남,21세,상해없음,보행자,여,60세,중상
2153,2020071400100142,2020년 7월 14일 08시,화요일,제주특별자치도 제주시 봉개동,경상사고,0,0,1,0,차대사람 - 횡단중,안전운전불이행,포장 - 건조,맑음,교차로 - 교차로안,승용,여,32세,상해없음,보행자,여,77세,경상
2154,2020071400100236,2020년 7월 14일 11시,화요일,제주특별자치도 제주시 이도일동,경상사고,0,0,1,0,차대사람 - 횡단중,보행자보호의무위반,포장 - 건조,맑음,교차로 - 교차로횡단보도내,승용,남,35세,상해없음,보행자,여,55세,경상
2155,2020071400100449,2020년 7월 14일 17시,화요일,제주특별자치도 서귀포시 대정읍,경상사고,0,0,1,0,차대사람 - 보도통행중,보행자보호의무위반,포장 - 건조,맑음,교차로 - 교차로안,화물,남,28세,상해없음,보행자,여,7세,경상
2156,2020071500100143,2020년 7월 15일 09시,수요일,제주특별자치도 제주시 도련이동,경상사고,0,0,2,0,차대사람 - 보도통행중,신호위반,포장 - 건조,맑음,교차로 - 교차로횡단보도내,승용,여,27세,상해없음,보행자,여,37세,경상
2157,2020071500100556,2020년 7월 15일 20시,수요일,제주특별자치도 제주시 연동,경상사고,0,0,1,0,차대사람 - 차도통행중,안전운전불이행,포장 - 건조,맑음,단일로 - 기타,승용,남,61세,상해없음,보행자,남,61세,경상
2158,2020071600100192,2020년 7월 16일 10시,목요일,제주특별자치도 제주시 이도이동,중상사고,0,1,0,0,차대사람 - 차도통행중,안전운전불이행,포장 - 건조,맑음,교차로 - 교차로안,승용,여,54세,기타불명,보행자,여,60세,중상
2159,2020071600100334,2020년 7월 16일 14시,목요일,제주특별자치도 제주시 노형동,중상사고,0,1,0,0,차대사람 - 횡단중,기타,포장 - 건조,맑음,교차로 - 교차로부근,승용,여,60세,상해없음,보행자,남,44세,중상
2160,2020071600100372,2020년 7월 16일 15시,목요일,제주특별자치도 제주시 용담이동,중상사고,0,1,0,0,차대사람 - 차도통행중,안전운전불이행,포장 - 건조,맑음,단일로 - 기타,승용,남,38세,상해없음,보행자,남,14세,중상
2161,2020071700100109,2020년 7월 17일 08시,금요일,제주특별자치도 서귀포시 토평동,중상사고,0,1,0,0,차대사람 - 기타,안전운전불이행,포장 - 건조,맑음,단일로 - 기타,승용,남,21세,상해없음,보행자,남,61세,중상
2162,2020071700100518,2020년 7월 17일 18시,금요일,제주특별자치도 제주시 용담삼동,경상사고,0,0,1,0,차대사람 - 기타,안전운전불이행,포장 - 건조,맑음,단일로 - 기타,승용,남,52세,상해없음,보행자,여,21세,경상
2163,2020071700100683,2020년 7월 17일 22시,금요일,제주특별자치도 제주시 이도이동,부상신고사고,0,0,0,1,차대사람 - 보도통행중,안전운전불이행,포장 - 건조,맑음,기타 - 기타,기타불명,기타불명,미분류,기타불명,보행자,여,16세,부상신고
2164,2020071800100134,2020년 7월 18일 09시,토요일,제주특별자치도 서귀포시 강정동,경상사고,0,0,1,0,차대사람 - 차도통행중,신호위반,포장 - 젖음/습기,비,단일로 - 기타,화물,남,60세,상해없음,보행자,여,77세,경상
2165,2020071800100364,2020년 7월 18일 15시,토요일,제주특별자치도 제주시 아라일동,경상사고,0,0,1,0,차대사람 - 기타,안전운전불이행,포장 - 건조,맑음,교차로 - 교차로부근,승용,여,65세,상해없음,보행자,여,19세,경상
2166,2020071800100366,2020년 7월 18일 15시,토요일,제주특별자치도 서귀포시 중문동,사망사고,1,0,0,0,차대사람 - 횡단중,보행자보호의무위반,포장 - 젖음/습기,비,교차로 - 교차로횡단보도내,화물,남,50세,상해없음,보행자,남,79세,사망
2167,2020072000100351,2020년 7월 20일 16시,월요일,제주특별자치도 서귀포시 서호동,중상사고,0,1,0,0,차대사람 - 횡단중,안전운전불이행,포장 - 건조,맑음,단일로 - 기타,승합,남,51세,상해없음,보행자,여,41세,중상
2168,2020072200100043,2020년 7월 22일 03시,수요일,제주특별자치도 제주시 이도일동,중상사고,0,1,0,0,차대사람 - 길가장자리구역통행중,안전운전불이행,포장 - 건조,맑음,교차로 - 교차로부근,승용,여,49세,상해없음,보행자,남,40세,중상
2169,2020072200100282,2020년 7월 22일 12시,수요일,제주특별자치도 제주시 이도이동,경상사고,0,0,1,0,차대사람 - 보도통행중,보행자보호의무위반,포장 - 건조,흐림,교차로 - 교차로안,화물,남,30세,상해없음,보행자,여,39세,경상
2170,2020072200100501,2020년 7월 22일 18시,수요일,제주특별자치도 제주시 화북일동,사망사고,1,0,0,0,차대사람 - 차도통행중,안전운전불이행,포장 - 건조,맑음,교차로 - 교차로안,승용,여,29세,상해없음,보행자,여,85세,사망
2171,2020072300100086,2020년 7월 23일 07시,목요일,제주특별자치도 제주시 이도일동,중상사고,0,1,0,0,차대사람 - 횡단중,보행자보호의무위반,포장 - 젖음/습기,비,교차로 - 교차로횡단보도내,승용,남,73세,상해없음,보행자,여,17세,중상
2172,2020072300100227,2020년 7월 23일 12시,목요일,제주특별자치도 제주시 연동,경상사고,0,0,1,0,차대사람 - 횡단중,안전운전불이행,포장 - 건조,맑음,교차로 - 교차로부근,승용,남,21세,상해없음,보행자,남,54세,경상
2173,2020072300100608,2020년 7월 23일 21시,목요일,제주특별자치도 제주시 노형동,경상사고,0,0,1,0,차대사람 - 횡단중,안전운전불이행,포장 - 건조,맑음,교차로 - 교차로안,승용,여,57세,상해없음,보행자,남,30세,경상
2174,2020072400100612,2020년 7월 24일 22시,금요일,제주특별자치도 제주시 이도일동,부상신고사고,0,0,0,1,차대사람 - 횡단중,안전운전불이행,포장 - 젖음/습기,비,단일로 - 기타,승용,남,66세,상해없음,보행자,여,71세,부상신고
2175,2020072400100646,2020년 7월 24일 23시,금요일,제주특별자치도 제주시 노형동,경상사고,0,0,1,0,차대사람 - 차도통행중,안전운전불이행,포장 - 건조,맑음,단일로 - 기타,승용,남,45세,상해없음,보행자,남,27세,경상
2176,2020072500100551,2020년 7월 25일 20시,토요일,제주특별자치도 서귀포시 서귀동,경상사고,0,0,1,0,차대사람 - 횡단중,보행자보호의무위반,포장 - 건조,흐림,교차로 - 교차로횡단보도내,승용,여,37세,상해없음,보행자,남,55세,경상
2177,2020072600100049,2020년 7월 26일 03시,일요일,제주특별자치도 제주시 이도이동,중상사고,0,1,0,0,차대사람 - 기타,안전운전불이행,포장 - 건조,맑음,교차로 - 교차로부근,승용,남,22세,상해없음,보행자,남,25세,중상
2178,2020072600100151,2020년 7월 26일 11시,일요일,제주특별자치도 서귀포시 대정읍,경상사고,0,0,1,0,차대사람 - 기타,안전운전불이행,포장 - 건조,맑음,단일로 - 기타,승용,남,36세,상해없음,보행자,여,14세,경상